{"cameraMode":{"drawMode":0,"name":"Shaded","section":"Shading Mode"},"sceneLighting":true,"audioPlay":false,"sceneViewState":{"showFog":true,"showMaterialUpdate":false,"showSkybox":true,"showFlares":true,"showImageEffects":true,"showParticleSystems":true},"in2DMode":false,"pivot":{"x":0.0877981185913086,"y":-0.029219627380371095,"z":-1.190000057220459},"rotation":{"x":0.008323561400175095,"y":-0.13310009241104127,"z":0.0011156747350469232,"w":0.9910717606544495},"size":0.17320509254932404,"orthographic":true}